{"px|BCHUSDT|crypto|245.8|above": 246.0, "px|BCHUSDT|crypto|245.6|below": 246.0, "px|BTCUSDT|crypto|63890.0|above": 63937.2, "px|BTCUSDT|crypto|63000.0|below": 63937.2, "px|BCHUSDT|crypto|249.0|above": 249.4, "px|BCHUSDT|crypto|243.0|below": 249.4, "px|BTCUSDT|crypto|65000.0|above": 64927.28, "px|BTCUSDT|crypto|63200.0|below": 63761.99, "px|BCHUSDT|crypto|252.0|above": 249.4, "rsi|BCHUSDT|crypto|1h": {"ob": true, "os": false}, "px|BCHUSDT|crypto|250.0|above": 236.9, "px|BCHUSDT|crypto|246.0|below": 245.0, "px|BCHUSDT|crypto|255.0|above": 239.7, "rsi|BCHUSDT|crypto|4h": {"ob": false, "os": false}, "px|BCHUSDT|crypto|248.0|above": 240.4, "px|BCHUSDT|crypto|238.0|below": 240.4, "px|BCHUSDT|crypto|241.0|above": 239.7, "px|BCHUSDT|crypto|240.0|below": 239.7, "px|BTCUSDT|crypto|63600.0|below": 63821.44, "px|BCHUSDT|crypto|242.0|above": 236.9, "px|BCHUSDT|crypto|236.0|below": 236.9, "px|BTCUSDT|crypto|64700.0|above": 64497.98, "px|BTCUSDT|crypto|63250.0|below": 62028.2, "px|BTCUSDT|crypto|61240.0|below": 64620.15, "px|TRXUSDT|crypto|0.3269|above": 0.3256, "px|IBM|stock|226.0|above": 211.1999969482422, "px|ETHUSDT|crypto|1900.0|above": 1886.2, "px|ETHUSDT|crypto|1830.0|below": 1886.2, "px|BTCUSDT|crypto|64300.0|below": 64460.75, "px|ETHUSDT|crypto|1940.0|below": 1934.49, "px|ETHUSDT|crypto|1930.0|above": 1934.49, "px|BTCUSDT|crypto|65500.0|above": 65301.12, "px|ETHUSDT|crypto|1963.0|below": 1906.93, "px|ETHUSDT|crypto|1959.0|above": 1906.93, "px|BTCUSDT|crypto|65620.0|above": 64841.96, "px|BTCUSDT|crypto|65600.0|below": 64841.96, "px|KEEL|stock|4.2|below": 3.984999895095825, "px|IBM|stock|215.0|below": 211.1999969482422, "px|ETHUSDT|crypto|1900.0|below": 1877.45, "px|ETHUSDT|crypto|1870.0|above": 1877.45, "px|BTCUSDT|crypto|65617.0|above": 64460.75, "px|BTCUSDT|crypto|64400.0|below": 64257.27, "px|BTCUSDT|crypto|62852.0|below": 64460.75, "px|ETHUSDT|crypto|1985.0|above": 1877.96, "px|ETHUSDT|crypto|2032.0|above": 1862.97, "px|ETHUSDT|crypto|1773.0|below": 1866.13, "px|BTCUSDT|crypto|64100.0|below": 63800.01, "px|ETHUSDT|crypto|1850.0|below": 1862.97, "px|META|stock|678.0|below": 675.0, "px|AMZN|stock|254.0|below": 249.88999938964844, "px|META|stock|674.0|below": 671.9299926757812, "px|META|stock|672.75|below": 668.77001953125, "px|META|stock|669.0|below": 664.5399780273438, "px|BTCUSDT|crypto|64620.0|above": 64553.07, "px|BTCUSDT|crypto|64515.0|above": 64463.99, "px|XAUUSD|stock|3991.0|below": 3979.89990234375, "_last_check": 1784502279, "px|BTCUSDT|crypto|664260.0|below": 64272.41, "px|BTCUSDT|crypto|64260.0|below": 64195.03, "px|ETHUSDT|crypto|1908.0|above": 1862.97, "px|XAUUSD|stock|3950.0|below": 3984.0, "px|XAUUSD|stock|4000.0|above": 3984.0, "px|BTCUSDT|crypto|63900.0|above": 63840.01, "px|BTCUSDT|crypto|63540.0|below": 62744.01, "px|BTCUSDT|crypto|63944.0|above": 64605.99, "px|ETHUSDT|crypto|1825.0|below": 1866.13, "px|ETHUSDT|crypto|1850.0|above": 1822.49, "px|XAUUSD|stock|3926.0|below": 4018.800048828125, "px|XAUUSD|stock|3942.0|above": 4025.89990234375, "px|BTCUSDT|crypto|62300.0|below": 64605.99, "px|ETHUSDT|crypto|1840.0|above": 1839.41, "px|XAUUSD|stock|4022.0|above": 4018.800048828125, "px|GGAL|stock|48.0|below": 49.939998626708984, "px|ETHUSDT|crypto|1845.0|above": 1866.13, "px|GOOGL|stock|342.0|below": 346.7699890136719, "px|NFLX|stock|68.7|below": 68.94999694824219}