{"px|BCHUSDT|crypto|245.8|above": 246.0, "px|BCHUSDT|crypto|245.6|below": 246.0, "px|BTCUSDT|crypto|63890.0|above": 63937.2, "px|BTCUSDT|crypto|63000.0|below": 63937.2, "px|BCHUSDT|crypto|249.0|above": 249.4, "px|BCHUSDT|crypto|243.0|below": 249.4, "px|BTCUSDT|crypto|65000.0|above": 64927.28, "px|BTCUSDT|crypto|63200.0|below": 63761.99, "px|BCHUSDT|crypto|252.0|above": 249.4, "rsi|BCHUSDT|crypto|1h": {"ob": true, "os": false}, "px|BCHUSDT|crypto|250.0|above": 236.9, "px|BCHUSDT|crypto|246.0|below": 245.0, "px|BCHUSDT|crypto|255.0|above": 239.7, "rsi|BCHUSDT|crypto|4h": {"ob": false, "os": false}, "px|BCHUSDT|crypto|248.0|above": 240.4, "px|BCHUSDT|crypto|238.0|below": 240.4, "px|BCHUSDT|crypto|241.0|above": 239.7, "px|BCHUSDT|crypto|240.0|below": 239.7, "px|BTCUSDT|crypto|63600.0|below": 63821.44, "px|BCHUSDT|crypto|242.0|above": 236.9, "px|BCHUSDT|crypto|236.0|below": 236.9, "px|BTCUSDT|crypto|64700.0|above": 64485.99, "px|BTCUSDT|crypto|63250.0|below": 62028.2, "px|BTCUSDT|crypto|61240.0|below": 64620.15, "px|TRXUSDT|crypto|0.3269|above": 0.3256, "px|IBM|stock|226.0|above": 211.1999969482422, "px|ETHUSDT|crypto|1900.0|above": 1886.2, "px|ETHUSDT|crypto|1830.0|below": 1886.2, "px|BTCUSDT|crypto|64300.0|below": 64165.78, "px|ETHUSDT|crypto|1940.0|below": 1934.49, "px|ETHUSDT|crypto|1930.0|above": 1934.49, "px|BTCUSDT|crypto|65500.0|above": 65301.12, "px|ETHUSDT|crypto|1963.0|below": 1906.93, "px|ETHUSDT|crypto|1959.0|above": 1906.93, "px|BTCUSDT|crypto|65620.0|above": 64841.96, "px|BTCUSDT|crypto|65600.0|below": 64841.96, "px|KEEL|stock|4.2|below": 4.349999904632568, "px|IBM|stock|215.0|below": 211.1999969482422, "px|ETHUSDT|crypto|1900.0|below": 1879.97, "px|ETHUSDT|crypto|1870.0|above": 1879.97, "px|BTCUSDT|crypto|65617.0|above": 64165.78, "px|BTCUSDT|crypto|64400.0|below": 64165.78, "px|BTCUSDT|crypto|62852.0|below": 64165.78, "px|ETHUSDT|crypto|1985.0|above": 1879.97, "px|ETHUSDT|crypto|2032.0|above": 1879.97, "px|ETHUSDT|crypto|1773.0|below": 1879.97}